file,condition,dice,iou
test_000_tissue0_TCGA-FG-A4MU-01B-01-TS1.png,clean,0.39334772378368377,0.24482442754198314
test_000_tissue0_TCGA-FG-A4MU-01B-01-TS1.png,noise_sigma10,0.39334456389975075,0.2448219792879147
test_000_tissue0_TCGA-FG-A4MU-01B-01-TS1.png,noise_sigma25,0.3933451958724759,0.24482246893481116
test_000_tissue0_TCGA-FG-A4MU-01B-01-TS1.png,blur_k3,0.3933688963156933,0.24484083210739824
test_000_tissue0_TCGA-FG-A4MU-01B-01-TS1.png,blur_k7,0.3933960763392847,0.24486189193595084
test_000_tissue0_TCGA-FG-A4MU-01B-01-TS1.png,down_up_0.5,0.39337395277989023,0.2448447499407418
test_000_tissue0_TCGA-FG-A4MU-01B-01-TS1.png,down_up_0.25,0.3933865148083515,0.24485448331801193
test_000_tissue0_TCGA-FG-A4MU-01B-01-TS1.png,contrast_0.8,0.39334329996039274,0.24482099999999754
test_000_tissue0_TCGA-FG-A4MU-01B-01-TS1.png,contrast_1.2,0.39335309570288646,0.24482858968627783
test_000_tissue0_TCGA-FG-A4MU-01B-01-TS1.png,gamma_0.8,0.3933483557665627,0.24482491719867272
test_000_tissue0_TCGA-FG-A4MU-01B-01-TS1.png,gamma_1.2,0.3933458278472317,0.2448229585836662
test_001_tissue0_TCGA-44-2665-01B-06-BS6.png,clean,0.4631629259416325,0.3013741233600941
test_001_tissue0_TCGA-44-2665-01B-06-BS6.png,noise_sigma10,0.4631629259416325,0.3013741233600941
test_001_tissue0_TCGA-44-2665-01B-06-BS6.png,noise_sigma25,0.4631597227825295,0.3013714109712847
test_001_tissue0_TCGA-44-2665-01B-06-BS6.png,blur_k3,0.46317965427013297,0.3013882888504834
test_001_tissue0_TCGA-44-2665-01B-06-BS6.png,blur_k7,0.4632122894938441,0.301415925132093
test_001_tissue0_TCGA-44-2665-01B-06-BS6.png,down_up_0.5,0.46319342300013017,0.30139994839452683
test_001_tissue0_TCGA-44-2665-01B-06-BS6.png,down_up_0.25,0.4632220143776488,0.3014241606213907
test_001_tissue0_TCGA-44-2665-01B-06-BS6.png,contrast_0.8,0.4631615023098947,0.301372917847929
test_001_tissue0_TCGA-44-2665-01B-06-BS6.png,contrast_1.2,0.4631647054936119,0.30137563026386277
test_001_tissue0_TCGA-44-2665-01B-06-BS6.png,gamma_0.8,0.4631629259416325,0.3013741233600941
test_001_tissue0_TCGA-44-2665-01B-06-BS6.png,gamma_1.2,0.4631629259416325,0.3013741233600941
test_002_tissue0_TCGA-2Z-A9J9-01A-01-TS1.png,clean,0.36906849256976093,0.22629306680774108
test_002_tissue0_TCGA-2Z-A9J9-01A-01-TS1.png,noise_sigma10,0.3690739103628451,0.2262971404454974
test_002_tissue0_TCGA-2Z-A9J9-01A-01-TS1.png,noise_sigma25,0.36907902731347936,0.22630098790471564
test_002_tissue0_TCGA-2Z-A9J9-01A-01-TS1.png,blur_k3,0.3690664831172275,0.22629155590758215
test_002_tissue0_TCGA-2Z-A9J9-01A-01-TS1.png,blur_k7,0.3690892334292978,0.22630866200324226
test_002_tissue0_TCGA-2Z-A9J9-01A-01-TS1.png,down_up_0.5,0.36907159995236916,0.22629540324491898
test_002_tissue0_TCGA-2Z-A9J9-01A-01-TS1.png,down_up_0.25,0.36907159995236916,0.22629540324491898
test_002_tissue0_TCGA-2Z-A9J9-01A-01-TS1.png,contrast_0.8,0.3690636768872164,0.2262894459195233
test_002_tissue0_TCGA-2Z-A9J9-01A-01-TS1.png,contrast_1.2,0.36909528209787185,0.2263132101136159
test_002_tissue0_TCGA-2Z-A9J9-01A-01-TS1.png,gamma_0.8,0.36906909453891545,0.2262935194269159
test_002_tissue0_TCGA-2Z-A9J9-01A-01-TS1.png,gamma_1.2,0.36907090045816116,0.22629487729530406
test_003_tissue0_TCGA-ZF-A9R5-01A-01-TS1.png,clean,0.3468655610975426,0.2098229599087127
test_003_tissue0_TCGA-ZF-A9R5-01A-01-TS1.png,noise_sigma10,0.34687271122074004,0.20982819264745528
test_003_tissue0_TCGA-ZF-A9R5-01A-01-TS1.png,noise_sigma25,0.3468765732453403,0.20983101904635965
test_003_tissue0_TCGA-ZF-A9R5-01A-01-TS1.png,blur_k3,0.3468667079975173,0.20982379925175226
test_003_tissue0_TCGA-ZF-A9R5-01A-01-TS1.png,blur_k7,0.3468751084945637,0.2098299470759757
test_003_tissue0_TCGA-ZF-A9R5-01A-01-TS1.png,down_up_0.5,0.3468661345465819,0.2098233795793931
test_003_tissue0_TCGA-ZF-A9R5-01A-01-TS1.png,down_up_0.25,0.3468713138258316,0.2098271699758565
test_003_tissue0_TCGA-ZF-A9R5-01A-01-TS1.png,contrast_0.8,0.346874584094876,0.20982956329720104
test_003_tissue0_TCGA-ZF-A9R5-01A-01-TS1.png,contrast_1.2,0.34685105433263885,0.20981234343201802
test_003_tissue0_TCGA-ZF-A9R5-01A-01-TS1.png,gamma_0.8,0.34685738044637915,0.2098169730449736
test_003_tissue0_TCGA-ZF-A9R5-01A-01-TS1.png,gamma_1.2,0.3468701487429481,0.20982631732116233
test_004_tissue0_TCGA-69-7764-01A-01-TS1.png,clean,0.365730329733543,0.2237882378823766
test_004_tissue0_TCGA-69-7764-01A-01-TS1.png,noise_sigma10,0.36572734121815115,0.22378599999999776
test_004_tissue0_TCGA-69-7764-01A-01-TS1.png,noise_sigma25,0.365728536618447,0.22378689514757835
test_004_tissue0_TCGA-69-7764-01A-01-TS1.png,blur_k3,0.3657345137371452,0.22379137099290158
test_004_tissue0_TCGA-69-7764-01A-01-TS1.png,blur_k7,0.3657500551601248,0.22380300902868394
test_004_tissue0_TCGA-69-7764-01A-01-TS1.png,down_up_0.5,0.36573869783647966,0.223794504191157
test_004_tissue0_TCGA-69-7764-01A-01-TS1.png,down_up_0.25,0.3657357091843292,0.22379226618345088
test_004_tissue0_TCGA-69-7764-01A-01-TS1.png,contrast_0.8,0.3657297320265574,0.22378779030232018
test_004_tissue0_TCGA-69-7764-01A-01-TS1.png,contrast_1.2,0.36573152515337526,0.22378913304786044
test_004_tissue0_TCGA-69-7764-01A-01-TS1.png,gamma_0.8,0.36573062858776845,0.22378846167307617
test_004_tissue0_TCGA-69-7764-01A-01-TS1.png,gamma_1.2,0.3657297320265574,0.22378779030232018
test_005_tissue0_TCGA-A6-6782-01A-01-BS1.png,clean,0.28042733881494414,0.16307966807386062
test_005_tissue0_TCGA-A6-6782-01A-01-BS1.png,noise_sigma10,0.28043143827376293,0.16308244086077264
test_005_tissue0_TCGA-A6-6782-01A-01-BS1.png,noise_sigma25,0.28042058702639433,0.1630751013362467
test_005_tissue0_TCGA-A6-6782-01A-01-BS1.png,blur_k3,0.2804331263210552,0.16308358262396608
test_005_tissue0_TCGA-A6-6782-01A-01-BS1.png,blur_k7,0.2804514549998342,0.16309597993920383
test_005_tissue0_TCGA-A6-6782-01A-01-BS1.png,down_up_0.5,0.2804336086240143,0.1630839088449578
test_005_tissue0_TCGA-A6-6782-01A-01-BS1.png,down_up_0.25,0.2804408433674823,0.16308880231645007
test_005_tissue0_TCGA-A6-6782-01A-01-BS1.png,contrast_0.8,0.2804285445256844,0.16308048358963528
test_005_tissue0_TCGA-A6-6782-01A-01-BS1.png,contrast_1.2,0.2804290268128835,0.16308080979822892
test_005_tissue0_TCGA-A6-6782-01A-01-BS1.png,gamma_0.8,0.28042227494305133,0.16307624299667198
test_005_tissue0_TCGA-A6-6782-01A-01-BS1.png,gamma_1.2,0.28043577900785993,0.16308537685557123
test_006_tissue0_TCGA-HT-8564-01Z-00-DX1.png,clean,0.1860727093964207,0.10258002642129362
test_006_tissue0_TCGA-HT-8564-01Z-00-DX1.png,noise_sigma10,0.18606865901772993,0.10257756443910995
test_006_tissue0_TCGA-HT-8564-01Z-00-DX1.png,noise_sigma25,0.18606984035996613,0.10257828250503913
test_006_tissue0_TCGA-HT-8564-01Z-00-DX1.png,blur_k3,0.18606849025577787,0.10257746185908359
test_006_tissue0_TCGA-HT-8564-01Z-00-DX1.png,blur_k7,0.18606849025577787,0.10257746185908359
test_006_tissue0_TCGA-HT-8564-01Z-00-DX1.png,down_up_0.5,0.1860683214941319,0.1025773592792624
test_006_tissue0_TCGA-HT-8564-01Z-00-DX1.png,down_up_0.25,0.18607102171720302,0.10257900058102164
test_006_tissue0_TCGA-HT-8564-01Z-00-DX1.png,contrast_0.8,0.1860728781660263,0.10258012900644929
test_006_tissue0_TCGA-HT-8564-01Z-00-DX1.png,contrast_1.2,0.1860713592505974,0.10257920574743462
test_006_tissue0_TCGA-HT-8564-01Z-00-DX1.png,gamma_0.8,0.1860727093964207,0.10258002642129362
test_006_tissue0_TCGA-HT-8564-01Z-00-DX1.png,gamma_1.2,0.18607220308944086,0.10257971866705766
test_007_tissue0_TCGA-IZ-8196-01A-01-BS1.png,clean,0.3876038622024198,0.2403899718662558
test_007_tissue0_TCGA-IZ-8196-01A-01-BS1.png,noise_sigma10,0.38759104901690133,0.24038011497057488
test_007_tissue0_TCGA-IZ-8196-01A-01-BS1.png,noise_sigma25,0.38758167405199734,0.24037290311999104
test_007_tissue0_TCGA-IZ-8196-01A-01-BS1.png,blur_k3,0.3876354300053834,0.24041425693612065
test_007_tissue0_TCGA-IZ-8196-01A-01-BS1.png,blur_k7,0.38768108636901105,0.24044938199970747
test_007_tissue0_TCGA-IZ-8196-01A-01-BS1.png,down_up_0.5,0.3876444949782042,0.2404212307836937
test_007_tissue0_TCGA-IZ-8196-01A-01-BS1.png,down_up_0.25,0.3876295543081791,0.24040973669785828
test_007_tissue0_TCGA-IZ-8196-01A-01-BS1.png,contrast_0.8,0.3876007369571058,0.24038756767082112
test_007_tissue0_TCGA-IZ-8196-01A-01-BS1.png,contrast_1.2,0.38759136152354223,0.24038035537304728
test_007_tissue0_TCGA-IZ-8196-01A-01-BS1.png,gamma_0.8,0.3876082376305291,0.24039333782065722
test_007_tissue0_TCGA-IZ-8196-01A-01-BS1.png,gamma_1.2,0.38759761176218904,0.24038516352347575
test_008_tissue0_TCGA-AO-A0J2-01A-01-BSA.png,clean,0.3918625038202288,0.24367475091596463
test_008_tissue0_TCGA-AO-A0J2-01A-01-BSA.png,noise_sigma10,0.391821222329353,0.24364282613956836
test_008_tissue0_TCGA-AO-A0J2-01A-01-BSA.png,noise_sigma25,0.39183036023038215,0.24364989273551685
test_008_tissue0_TCGA-AO-A0J2-01A-01-BSA.png,blur_k3,0.3918842510039693,0.24369156962030136
test_008_tissue0_TCGA-AO-A0J2-01A-01-BSA.png,blur_k7,0.39187952314999935,0.24368791318273372
test_008_tissue0_TCGA-AO-A0J2-01A-01-BSA.png,down_up_0.5,0.3918807838999037,0.24368888822202306
test_008_tissue0_TCGA-AO-A0J2-01A-01-BSA.png,down_up_0.25,0.3918804687116671,0.24368864446146923
test_008_tissue0_TCGA-AO-A0J2-01A-01-BSA.png,contrast_0.8,0.39186754643048705,0.24367865069862432
test_008_tissue0_TCGA-AO-A0J2-01A-01-BSA.png,contrast_1.2,0.39189997876543214,0.2437037333440014
test_008_tissue0_TCGA-AO-A0J2-01A-01-BSA.png,gamma_0.8,0.39185998256376614,0.24367280107144293
test_008_tissue0_TCGA-AO-A0J2-01A-01-BSA.png,gamma_1.2,0.39185651588910403,0.24367012008617633
test_009_tissue0_TCGA-CU-A0YN-01A-02-BSB.png,clean,0.4039694193507166,0.25310882150289205
test_009_tissue0_TCGA-CU-A0YN-01A-02-BSB.png,noise_sigma10,0.4039703864965967,0.25310958084909957
test_009_tissue0_TCGA-CU-A0YN-01A-02-BSB.png,noise_sigma25,0.4039868286851158,0.2531224904317607
test_009_tissue0_TCGA-CU-A0YN-01A-02-BSB.png,blur_k3,0.4039713536471078,0.2531103401998633
test_009_tissue0_TCGA-CU-A0YN-01A-02-BSB.png,blur_k7,0.40397425512642676,0.2531126182794921
test_009_tissue0_TCGA-CU-A0YN-01A-02-BSB.png,down_up_0.5,0.4039723208022498,0.25311109955518324
test_009_tissue0_TCGA-CU-A0YN-01A-02-BSB.png,down_up_0.25,0.4039674850728489,0.25310730282414545
test_009_tissue0_TCGA-CU-A0YN-01A-02-BSB.png,contrast_0.8,0.4039684522094673,0.2531080621612407
test_009_tissue0_TCGA-CU-A0YN-01A-02-BSB.png,contrast_1.2,0.4039694193507166,0.25310882150289205
test_009_tissue0_TCGA-CU-A0YN-01A-02-BSB.png,gamma_0.8,0.4039690969697856,0.253108568388502
test_009_tissue0_TCGA-CU-A0YN-01A-02-BSB.png,gamma_1.2,0.4039697417321621,0.2531090746177883
test_010_tissue0_TCGA-AC-A2FO-01A-01-TS1.png,clean,0.43002072669032104,0.2739021680100227
test_010_tissue0_TCGA-AC-A2FO-01A-01-TS1.png,noise_sigma10,0.42999945830647424,0.2738849107928607
test_010_tissue0_TCGA-AC-A2FO-01A-01-TS1.png,noise_sigma25,0.42998528055266283,0.27387340718947045
test_010_tissue0_TCGA-AC-A2FO-01A-01-TS1.png,blur_k3,0.43004189540594867,0.273919344820444
test_010_tissue0_TCGA-AC-A2FO-01A-01-TS1.png,blur_k7,0.43005754567574805,0.2739320441276028
test_010_tissue0_TCGA-AC-A2FO-01A-01-TS1.png,down_up_0.5,0.4300341296928294,0.2739130434782581
test_010_tissue0_TCGA-AC-A2FO-01A-01-TS1.png,down_up_0.25,0.43002849186266096,0.27390846880581904
test_010_tissue0_TCGA-AC-A2FO-01A-01-TS1.png,contrast_0.8,0.430026466138492,0.273906825092012
test_010_tissue0_TCGA-AC-A2FO-01A-01-TS1.png,contrast_1.2,0.43000823547976236,0.27389203255544814
test_010_tissue0_TCGA-AC-A2FO-01A-01-TS1.png,gamma_0.8,0.4300187010393096,0.2739005243718362
test_010_tissue0_TCGA-AC-A2FO-01A-01-TS1.png,gamma_1.2,0.4300218573743481,0.27390308546281666
test_011_tissue0_TCGA-EJ-A46H-01A-03-TSC.png,clean,0.2873208505812669,0.16776104892663687
test_011_tissue0_TCGA-EJ-A46H-01A-03-TSC.png,noise_sigma10,0.28730042633952413,0.16774712317203994
test_011_tissue0_TCGA-EJ-A46H-01A-03-TSC.png,noise_sigma25,0.2873068239824297,0.16775148520792743
test_011_tissue0_TCGA-EJ-A46H-01A-03-TSC.png,blur_k3,0.2873417699833629,0.16777531263816228
test_011_tissue0_TCGA-EJ-A46H-01A-03-TSC.png,blur_k7,0.28736121545323545,0.16778857167437278
test_011_tissue0_TCGA-EJ-A46H-01A-03-TSC.png,down_up_0.5,0.287353092341954,0.16778303283476811
test_011_tissue0_TCGA-EJ-A46H-01A-03-TSC.png,down_up_0.25,0.28735998464927814,0.1677877324327444
test_011_tissue0_TCGA-EJ-A46H-01A-03-TSC.png,contrast_0.8,0.2873171592382631,0.16775853205283195
test_011_tissue0_TCGA-EJ-A46H-01A-03-TSC.png,contrast_1.2,0.28731986621385835,0.16776037775290464
test_011_tissue0_TCGA-EJ-A46H-01A-03-TSC.png,gamma_0.8,0.28732823355183174,0.1677660829008168
test_011_tissue0_TCGA-EJ-A46H-01A-03-TSC.png,gamma_1.2,0.2873181435871233,0.16775920321179572
test_012_tissue0_TCGA-HC-7209-01A-01-TS1.png,clean,0.27077060891610244,0.15658455165764956
test_012_tissue0_TCGA-HC-7209-01A-01-TS1.png,noise_sigma10,0.27076873591682415,0.1565832989148409
test_012_tissue0_TCGA-HC-7209-01A-01-TS1.png,noise_sigma25,0.2707764622058639,0.15658846660812673
test_012_tissue0_TCGA-HC-7209-01A-01-TS1.png,blur_k3,0.2707750573932419,0.1565875270021586
test_012_tissue0_TCGA-HC-7209-01A-01-TS1.png,blur_k7,0.27078114501988143,0.15659159870946163
test_012_tissue0_TCGA-HC-7209-01A-01-TS1.png,down_up_0.5,0.27077388672719177,0.15658674400579886
test_012_tissue0_TCGA-HC-7209-01A-01-TS1.png,down_up_0.25,0.2707603077407249,0.15657766182024938
test_012_tissue0_TCGA-HC-7209-01A-01-TS1.png,contrast_0.8,0.27076920416421446,0.15658361209866387
test_012_tissue0_TCGA-HC-7209-01A-01-TS1.png,contrast_1.2,0.27077856945212825,0.15658987603822205
test_012_tissue0_TCGA-HC-7209-01A-01-TS1.png,gamma_0.8,0.27077060891610244,0.15658455165764956
test_012_tissue0_TCGA-HC-7209-01A-01-TS1.png,gamma_1.2,0.27077107716997084,0.15658486484648376
test_013_tissue0_TCGA-GL-6846-01A-01-BS1.png,clean,0.3501960418761587,0.21226524530490398
test_013_tissue0_TCGA-GL-6846-01A-01-BS1.png,noise_sigma10,0.35019344194679025,0.21226333489668173
test_013_tissue0_TCGA-GL-6846-01A-01-BS1.png,noise_sigma25,0.3501905531816578,0.21226121226121014
test_013_tissue0_TCGA-GL-6846-01A-01-BS1.png,blur_k3,0.3502012418507127,0.2122690662245144
test_013_tissue0_TCGA-GL-6846-01A-01-BS1.png,blur_k7,0.350205575280807,0.21227225042927061
test_013_tissue0_TCGA-GL-6846-01A-01-BS1.png,down_up_0.5,0.3502035530000837,0.21227076445516282
test_013_tissue0_TCGA-GL-6846-01A-01-BS1.png,down_up_0.25,0.35019199755826663,0.2122622735736393
test_013_tissue0_TCGA-GL-6846-01A-01-BS1.png,contrast_0.8,0.3501925753122463,0.2122626981015827
test_013_tissue0_TCGA-GL-6846-01A-01-BS1.png,contrast_1.2,0.3501963307595827,0.21226545757460694
test_013_tissue0_TCGA-GL-6846-01A-01-BS1.png,gamma_0.8,0.35019661964348325,0.21226566984473447
test_013_tissue0_TCGA-GL-6846-01A-01-BS1.png,gamma_1.2,0.3501948863472289,0.21226439623033755
train_000_tissue3_TCGA-38-6178-01Z-00-DX1.png,clean,0.3595358877941432,0.2191671766050961
train_000_tissue3_TCGA-38-6178-01Z-00-DX1.png,noise_sigma10,0.3599314063758983,0.21946119069358477
train_000_tissue3_TCGA-38-6178-01Z-00-DX1.png,noise_sigma25,0.35923966443068994,0.21894706779710224
train_000_tissue3_TCGA-38-6178-01Z-00-DX1.png,blur_k3,0.3593161211219069,0.21900387134150967
train_000_tissue3_TCGA-38-6178-01Z-00-DX1.png,blur_k7,0.35842165297499323,0.21833965684583512
train_000_tissue3_TCGA-38-6178-01Z-00-DX1.png,down_up_0.5,0.3589176003263487,0.2187078481846638
train_000_tissue3_TCGA-38-6178-01Z-00-DX1.png,down_up_0.25,0.3581815610208543,0.2181614924751152
train_000_tissue3_TCGA-38-6178-01Z-00-DX1.png,contrast_0.8,0.35951732448537976,0.21915338080153696
train_000_tissue3_TCGA-38-6178-01Z-00-DX1.png,contrast_1.2,0.35987697982495276,0.21942072356654305
train_000_tissue3_TCGA-38-6178-01Z-00-DX1.png,gamma_0.8,0.35953720285643925,0.21916815393953448
train_000_tissue3_TCGA-38-6178-01Z-00-DX1.png,gamma_1.2,0.35944960578847784,0.2191030565453832
train_001_tissue2_TCGA-HE-7129-01Z-00-DX1.png,clean,0.37243455934113473,0.2288292378525604
train_001_tissue2_TCGA-HE-7129-01Z-00-DX1.png,noise_sigma10,0.3724375569171793,0.22883150105856018
train_001_tissue2_TCGA-HE-7129-01Z-00-DX1.png,noise_sigma25,0.3724446318243164,0.2288368427316775
train_001_tissue2_TCGA-HE-7129-01Z-00-DX1.png,blur_k3,0.37242377213877165,0.22882109345389479
train_001_tissue2_TCGA-HE-7129-01Z-00-DX1.png,blur_k7,0.372458530709248,0.22884733675729782
train_001_tissue2_TCGA-HE-7129-01Z-00-DX1.png,down_up_0.5,0.3724300366073767,0.22882582314990435
train_001_tissue2_TCGA-HE-7129-01Z-00-DX1.png,down_up_0.25,0.3724825932443688,0.22886550503130584
train_001_tissue2_TCGA-HE-7129-01Z-00-DX1.png,contrast_0.8,0.372436074805902,0.22883038204566158
train_001_tissue2_TCGA-HE-7129-01Z-00-DX1.png,contrast_1.2,0.37243425624966126,0.22882900901531325
train_001_tissue2_TCGA-HE-7129-01Z-00-DX1.png,gamma_0.8,0.37243637790033546,0.2288306108856549
train_001_tissue2_TCGA-HE-7129-01Z-00-DX1.png,gamma_1.2,0.37243365006819423,0.228828551342192
train_002_tissue1_TCGA-A7-A13E-01Z-00-DX1.png,clean,0.29597043005255264,0.17368855287040613
train_002_tissue1_TCGA-A7-A13E-01Z-00-DX1.png,noise_sigma10,0.2959598386593776,0.17368125785635039
train_002_tissue1_TCGA-A7-A13E-01Z-00-DX1.png,noise_sigma25,0.2959590821602999,0.17368073680736634
train_002_tissue1_TCGA-A7-A13E-01Z-00-DX1.png,blur_k3,0.29597118660964405,0.1736890739662883
train_002_tissue1_TCGA-A7-A13E-01Z-00-DX1.png,blur_k7,0.2959729519245655,0.17369028986883975
train_002_tissue1_TCGA-A7-A13E-01Z-00-DX1.png,down_up_0.5,0.2959691691326621,0.17368768438421747
train_002_tissue1_TCGA-A7-A13E-01Z-00-DX1.png,down_up_0.25,0.2959663951467205,0.17368577374517433
train_002_tissue1_TCGA-A7-A13E-01Z-00-DX1.png,contrast_0.8,0.2959691691326621,0.17368768438421747
train_002_tissue1_TCGA-A7-A13E-01Z-00-DX1.png,contrast_1.2,0.2959714387962007,0.17368924766561053
train_002_tissue1_TCGA-A7-A13E-01Z-00-DX1.png,gamma_0.8,0.29597118660964405,0.1736890739662883
train_002_tissue1_TCGA-A7-A13E-01Z-00-DX1.png,gamma_1.2,0.29596992568330716,0.17368820547488842
train_003_tissue0_TCGA-FG-A87N-01Z-00-DX1.png,clean,0.4181761376893809,0.26436327561688067
train_003_tissue0_TCGA-FG-A87N-01Z-00-DX1.png,noise_sigma10,0.41817779148770917,0.2643645975112505
train_003_tissue0_TCGA-FG-A87N-01Z-00-DX1.png,noise_sigma25,0.41817878377298495,0.26436539065421794
train_003_tissue0_TCGA-FG-A87N-01Z-00-DX1.png,blur_k3,0.41817977606296985,0.2643661838019445
train_003_tissue0_TCGA-FG-A87N-01Z-00-DX1.png,blur_k7,0.4182019384330347,0.2643838986746224
train_003_tissue0_TCGA-FG-A87N-01Z-00-DX1.png,down_up_0.5,0.418180768357664,0.26436697695443023
train_003_tissue0_TCGA-FG-A87N-01Z-00-DX1.png,down_up_0.25,0.4181784530107031,0.2643651262727
train_003_tissue0_TCGA-FG-A87N-01Z-00-DX1.png,contrast_0.8,0.41816886113213364,0.26435745943869937
train_003_tissue0_TCGA-FG-A87N-01Z-00-DX1.png,contrast_1.2,0.41817349163926354,0.26436116061338555
train_003_tissue0_TCGA-FG-A87N-01Z-00-DX1.png,gamma_0.8,0.41818176065706736,0.2643677701116753
train_003_tissue0_TCGA-FG-A87N-01Z-00-DX1.png,gamma_1.2,0.4181711763728799,0.2643593100130879
train_004_tissue2_TCGA-HE-7128-01Z-00-DX1.png,clean,0.2450085184557743,0.13960667104787886
train_004_tissue2_TCGA-HE-7128-01Z-00-DX1.png,noise_sigma10,0.24502468346874498,0.13961716792293202
train_004_tissue2_TCGA-HE-7128-01Z-00-DX1.png,noise_sigma25,0.24501515029159268,0.13961097745789783
train_004_tissue2_TCGA-HE-7128-01Z-00-DX1.png,blur_k3,0.2450158654922231,0.1396114418783296
train_004_tissue2_TCGA-HE-7128-01Z-00-DX1.png,blur_k7,0.24503934464220914,0.1396266884355034
train_004_tissue2_TCGA-HE-7128-01Z-00-DX1.png,down_up_0.5,0.24502823514746758,0.13961947425863966
train_004_tissue2_TCGA-HE-7128-01Z-00-DX1.png,down_up_0.25,0.24505737318511164,0.1396383958317062
train_004_tissue2_TCGA-HE-7128-01Z-00-DX1.png,contrast_0.8,0.2449900956035341,0.1395947082633612
train_004_tissue2_TCGA-HE-7128-01Z-00-DX1.png,contrast_1.2,0.2450272993802756,0.13961886660330977
train_004_tissue2_TCGA-HE-7128-01Z-00-DX1.png,gamma_0.8,0.2450256890124039,0.13961782088680139
train_004_tissue2_TCGA-HE-7128-01Z-00-DX1.png,gamma_1.2,0.24499629615326338,0.1395987345304536
train_005_tissue4_TCGA-G9-6356-01Z-00-DX1.png,clean,0.3356278747663119,0.2016543474129547
train_005_tissue4_TCGA-G9-6356-01Z-00-DX1.png,noise_sigma10,0.3355932372666065,0.20162934012324857
train_005_tissue4_TCGA-G9-6356-01Z-00-DX1.png,noise_sigma25,0.33563737339432764,0.2016612053340995
train_005_tissue4_TCGA-G9-6356-01Z-00-DX1.png,blur_k3,0.3356301096892415,0.20165596099949587
train_005_tissue4_TCGA-G9-6356-01Z-00-DX1.png,blur_k7,0.3356136278322969,0.2016440614057615
train_005_tissue4_TCGA-G9-6356-01Z-00-DX1.png,down_up_0.5,0.33563653525846443,0.2016606002046473
train_005_tissue4_TCGA-G9-6356-01Z-00-DX1.png,down_up_0.25,0.3355762004748692,0.20161704042600864
train_005_tissue4_TCGA-G9-6356-01Z-00-DX1.png,contrast_0.8,0.33561642125343993,0.2016460781872116
train_005_tissue4_TCGA-G9-6356-01Z-00-DX1.png,contrast_1.2,0.3356192147210844,0.2016480950090046
train_005_tissue4_TCGA-G9-6356-01Z-00-DX1.png,gamma_0.8,0.3356236843660416,0.2016513220077895
train_005_tissue4_TCGA-G9-6356-01Z-00-DX1.png,gamma_1.2,0.3356301096892415,0.20165596099949587
train_006_tissue6_TCGA-AY-A8YK-01A-01-TS1.png,clean,0.44331333564814107,0.28478006897599956
train_006_tissue6_TCGA-AY-A8YK-01A-01-TS1.png,noise_sigma10,0.44328553412116056,0.28475712395394537
train_006_tissue6_TCGA-AY-A8YK-01A-01-TS1.png,noise_sigma25,0.4433271177929217,0.2847914438930578
train_006_tissue6_TCGA-AY-A8YK-01A-01-TS1.png,blur_k3,0.4433072999383385,0.2847750875434688
train_006_tissue6_TCGA-AY-A8YK-01A-01-TS1.png,blur_k7,0.4432876208981774,0.2847588461742312
train_006_tissue6_TCGA-AY-A8YK-01A-01-TS1.png,down_up_0.5,0.4432997074407179,0.2847688213072242
train_006_tissue6_TCGA-AY-A8YK-01A-01-TS1.png,down_up_0.25,0.44326398754499996,0.28473934180141747
train_006_tissue6_TCGA-AY-A8YK-01A-01-TS1.png,contrast_0.8,0.4433235211455078,0.28478847542665725
train_006_tissue6_TCGA-AY-A8YK-01A-01-TS1.png,contrast_1.2,0.4433417836632457,0.2848035484029057
train_006_tissue6_TCGA-AY-A8YK-01A-01-TS1.png,gamma_0.8,0.4433176537633269,0.28478363285551533
train_006_tissue6_TCGA-AY-A8YK-01A-01-TS1.png,gamma_1.2,0.44331212372934714,0.28477906874394576
train_007_tissue6_TCGA-NH-A8F7-01A-01-TS1.png,clean,0.4764056794946308,0.31268538684011976
train_007_tissue6_TCGA-NH-A8F7-01A-01-TS1.png,noise_sigma10,0.4765549480540433,0.31281400497203415
train_007_tissue6_TCGA-NH-A8F7-01A-01-TS1.png,noise_sigma25,0.4765335144575347,0.3127955350378804
train_007_tissue6_TCGA-NH-A8F7-01A-01-TS1.png,blur_k3,0.47632690631343094,0.31261752162397566
train_007_tissue6_TCGA-NH-A8F7-01A-01-TS1.png,blur_k7,0.4763040415592612,0.3125978243367416
train_007_tissue6_TCGA-NH-A8F7-01A-01-TS1.png,down_up_0.5,0.4763000495256926,0.31259438538238893
train_007_tissue6_TCGA-NH-A8F7-01A-01-TS1.png,down_up_0.25,0.4762902511815409,0.31258594463340145
train_007_tissue6_TCGA-NH-A8F7-01A-01-TS1.png,contrast_0.8,0.476395876804047,0.3126769411759967
train_007_tissue6_TCGA-NH-A8F7-01A-01-TS1.png,contrast_1.2,0.4764822278999677,0.31275134207537325
train_007_tissue6_TCGA-NH-A8F7-01A-01-TS1.png,gamma_0.8,0.47642201820878005,0.31269946396092346
train_007_tissue6_TCGA-NH-A8F7-01A-01-TS1.png,gamma_1.2,0.476391520182164,0.3126731876939421
train_008_tissue5_TCGA-G2-A2EK-01A-02-TSB.png,clean,0.24259167969377937,0.13803945098627327
train_008_tissue5_TCGA-G2-A2EK-01A-02-TSB.png,noise_sigma10,0.24259210603782358,0.13803972707262957
train_008_tissue5_TCGA-G2-A2EK-01A-02-TSB.png,noise_sigma25,0.2426036178934998,0.13804718182172618
train_008_tissue5_TCGA-G2-A2EK-01A-02-TSB.png,blur_k3,0.24259157553416102,0.13803938353595652
train_008_tissue5_TCGA-G2-A2EK-01A-02-TSB.png,blur_k7,0.24259014022251554,0.13803845407651874
train_008_tissue5_TCGA-G2-A2EK-01A-02-TSB.png,down_up_0.5,0.24259200188401647,0.13803965962604328
train_008_tissue5_TCGA-G2-A2EK-01A-02-TSB.png,down_up_0.25,0.24258805582990714,0.138037104296833
train_008_tissue5_TCGA-G2-A2EK-01A-02-TSB.png,contrast_0.8,0.24259125335123374,0.13803917490102136
train_008_tissue5_TCGA-G2-A2EK-01A-02-TSB.png,contrast_1.2,0.24259210603782358,0.13803972707262957
train_008_tissue5_TCGA-G2-A2EK-01A-02-TSB.png,gamma_0.8,0.24259167969377937,0.13803945098627327
train_008_tissue5_TCGA-G2-A2EK-01A-02-TSB.png,gamma_1.2,0.24259189286561417,0.13803958902931338
train_009_tissue2_TCGA-HE-7130-01Z-00-DX1.png,clean,0.5009846608881858,0.3342091623859071
train_009_tissue2_TCGA-HE-7130-01Z-00-DX1.png,noise_sigma10,0.5009760286171703,0.33420147921652416
train_009_tissue2_TCGA-HE-7130-01Z-00-DX1.png,noise_sigma25,0.5008096243343051,0.334053388057489
train_009_tissue2_TCGA-HE-7130-01Z-00-DX1.png,blur_k3,0.5009580160256734,0.33418544735986055
train_009_tissue2_TCGA-HE-7130-01Z-00-DX1.png,blur_k7,0.5009121549426163,0.33414463107960285
train_009_tissue2_TCGA-HE-7130-01Z-00-DX1.png,down_up_0.5,0.5009305820299398,0.33416103085357224
train_009_tissue2_TCGA-HE-7130-01Z-00-DX1.png,down_up_0.25,0.5008329122540772,0.33407411111666413
train_009_tissue2_TCGA-HE-7130-01Z-00-DX1.png,contrast_0.8,0.5008471704506909,0.33408679927666934
train_009_tissue2_TCGA-HE-7130-01Z-00-DX1.png,contrast_1.2,0.5009752684519179,0.33420080263422175
train_009_tissue2_TCGA-HE-7130-01Z-00-DX1.png,gamma_0.8,0.5010207464273837,0.3342412813474689
train_009_tissue2_TCGA-HE-7130-01Z-00-DX1.png,gamma_1.2,0.5009226690141388,0.33415398836343513
train_010_tissue5_TCGA-DK-A2I6-01A-01-TS1.png,clean,0.4168146944927283,0.26327599999999735
train_010_tissue5_TCGA-DK-A2I6-01A-01-TS1.png,noise_sigma10,0.4168146944927283,0.26327599999999735
train_010_tissue5_TCGA-DK-A2I6-01A-01-TS1.png,noise_sigma25,0.4168146944927283,0.26327599999999735
train_010_tissue5_TCGA-DK-A2I6-01A-01-TS1.png,blur_k3,0.4168146944927283,0.26327599999999735
train_010_tissue5_TCGA-DK-A2I6-01A-01-TS1.png,blur_k7,0.4168146944927283,0.26327599999999735
train_010_tissue5_TCGA-DK-A2I6-01A-01-TS1.png,down_up_0.5,0.4168146944927283,0.26327599999999735
train_010_tissue5_TCGA-DK-A2I6-01A-01-TS1.png,down_up_0.25,0.4168146944927283,0.26327599999999735
train_010_tissue5_TCGA-DK-A2I6-01A-01-TS1.png,contrast_0.8,0.4168146944927283,0.26327599999999735
train_010_tissue5_TCGA-DK-A2I6-01A-01-TS1.png,contrast_1.2,0.4168156843374281,0.26327678983036684
train_010_tissue5_TCGA-DK-A2I6-01A-01-TS1.png,gamma_0.8,0.4168146944927283,0.26327599999999735
train_010_tissue5_TCGA-DK-A2I6-01A-01-TS1.png,gamma_1.2,0.4168146944927283,0.26327599999999735
train_011_tissue1_TCGA-A7-A13F-01Z-00-DX1.png,clean,0.3034734452248059,0.17887927799928782
train_011_tissue1_TCGA-A7-A13F-01Z-00-DX1.png,noise_sigma10,0.30354529495454796,0.17892920692298428
train_011_tissue1_TCGA-A7-A13F-01Z-00-DX1.png,noise_sigma25,0.30344454276810356,0.1788591946550361
train_011_tissue1_TCGA-A7-A13F-01Z-00-DX1.png,blur_k3,0.30345204447276364,0.1788644072713287
train_011_tissue1_TCGA-A7-A13F-01Z-00-DX1.png,blur_k7,0.3034504877994948,0.17886332560132895
train_011_tissue1_TCGA-A7-A13F-01Z-00-DX1.png,down_up_0.5,0.3034484280048779,0.17886189433547642
train_011_tissue1_TCGA-A7-A13F-01Z-00-DX1.png,down_up_0.25,0.3034319281646811,0.17885042940625043
train_011_tissue1_TCGA-A7-A13F-01Z-00-DX1.png,contrast_0.8,0.30347001334098006,0.17887689326293854
train_011_tissue1_TCGA-A7-A13F-01Z-00-DX1.png,contrast_1.2,0.303503477679372,0.17890014726597336
train_011_tissue1_TCGA-A7-A13F-01Z-00-DX1.png,gamma_0.8,0.30347360969887655,0.1788793922887411
train_011_tissue1_TCGA-A7-A13F-01Z-00-DX1.png,gamma_1.2,0.30347523575197216,0.1788805221988524
train_012_tissue0_TCGA-MH-A561-01Z-00-DX1.png,clean,0.5175828894932806,0.3491479461650038
train_012_tissue0_TCGA-MH-A561-01Z-00-DX1.png,noise_sigma10,0.5173706873543137,0.3489548486203127
train_012_tissue0_TCGA-MH-A561-01Z-00-DX1.png,noise_sigma25,0.5173426881370444,0.34892937430497983
train_012_tissue0_TCGA-MH-A561-01Z-00-DX1.png,blur_k3,0.5176105307895903,0.3491731029803483
train_012_tissue0_TCGA-MH-A561-01Z-00-DX1.png,blur_k7,0.5174961457088854,0.349069005258226
train_012_tissue0_TCGA-MH-A561-01Z-00-DX1.png,down_up_0.5,0.5175967097724024,0.3491605241195425
train_012_tissue0_TCGA-MH-A561-01Z-00-DX1.png,down_up_0.25,0.5173392363885955,0.3489262338935049
train_012_tissue0_TCGA-MH-A561-01Z-00-DX1.png,contrast_0.8,0.5175187884055439,0.3490896102817626
train_012_tissue0_TCGA-MH-A561-01Z-00-DX1.png,contrast_1.2,0.5176047719427292,0.349167861678203
train_012_tissue0_TCGA-MH-A561-01Z-00-DX1.png,gamma_0.8,0.5175851928218821,0.34915004242782915
train_012_tissue0_TCGA-MH-A561-01Z-00-DX1.png,gamma_1.2,0.5175794345388159,0.3491448018179618
train_013_tissue1_TCGA-E2-A1B5-01Z-00-DX1.png,clean,0.22618345255765018,0.1275123139897314
train_013_tissue1_TCGA-E2-A1B5-01Z-00-DX1.png,noise_sigma10,0.22618362159596306,0.12751242143759445
train_013_tissue1_TCGA-E2-A1B5-01Z-00-DX1.png,noise_sigma25,0.22614168981801594,0.12748576846299273
train_013_tissue1_TCGA-E2-A1B5-01Z-00-DX1.png,blur_k3,0.22617900633262691,0.12750948778940882
train_013_tissue1_TCGA-E2-A1B5-01Z-00-DX1.png,blur_k7,0.2261874343468736,0.12751484498791466
train_013_tissue1_TCGA-E2-A1B5-01Z-00-DX1.png,down_up_0.5,0.22618021029620833,0.1275102530759215
train_013_tissue1_TCGA-E2-A1B5-01Z-00-DX1.png,down_up_0.25,0.22616355660431556,0.12749966742783056
train_013_tissue1_TCGA-E2-A1B5-01Z-00-DX1.png,contrast_0.8,0.226173989955667,0.12750629919448203
train_013_tissue1_TCGA-E2-A1B5-01Z-00-DX1.png,contrast_1.2,0.22617218411443255,0.12750515133934695
train_013_tissue1_TCGA-E2-A1B5-01Z-00-DX1.png,gamma_0.8,0.22618144588553124,0.12751103846607706
train_013_tissue1_TCGA-E2-A1B5-01Z-00-DX1.png,gamma_1.2,0.2261842236007191,0.12751280409730986
train_014_tissue4_TCGA-G9-6348-01Z-00-DX1.png,clean,0.3577957168042446,0.21787527926060973
train_014_tissue4_TCGA-G9-6348-01Z-00-DX1.png,noise_sigma10,0.35779424782030755,0.21787418984826282
train_014_tissue4_TCGA-G9-6348-01Z-00-DX1.png,noise_sigma25,0.35779101609810476,0.21787179317944777
train_014_tissue4_TCGA-G9-6348-01Z-00-DX1.png,blur_k3,0.3578018866685031,0.2178798549114376
train_014_tissue4_TCGA-G9-6348-01Z-00-DX1.png,blur_k7,0.3578112887756011,0.21788682770131865
train_014_tissue4_TCGA-G9-6348-01Z-00-DX1.png,down_up_0.5,0.3578095258428819,0.2178855202692207
train_014_tissue4_TCGA-G9-6348-01Z-00-DX1.png,down_up_0.25,0.3578098196637954,0.21788573817348073
train_014_tissue4_TCGA-G9-6348-01Z-00-DX1.png,contrast_0.8,0.3577918974710976,0.2178724468111681
train_014_tissue4_TCGA-G9-6348-01Z-00-DX1.png,contrast_1.2,0.35780394333720894,0.2178813801710891
train_014_tissue4_TCGA-G9-6348-01Z-00-DX1.png,gamma_0.8,0.35780100524629554,0.217879201235267
train_014_tissue4_TCGA-G9-6348-01Z-00-DX1.png,gamma_1.2,0.3577930726418427,0.21787331832622928
train_015_tissue4_TCGA-G9-6336-01Z-00-DX1.png,clean,0.49941849384653564,0.3328166392818786
train_015_tissue4_TCGA-G9-6336-01Z-00-DX1.png,noise_sigma10,0.4995335621367995,0.33291885078627975
train_015_tissue4_TCGA-G9-6336-01Z-00-DX1.png,noise_sigma25,0.4998498029414554,0.3331998382038998
train_015_tissue4_TCGA-G9-6336-01Z-00-DX1.png,blur_k3,0.49941774438978337,0.33281597361465104
train_015_tissue4_TCGA-G9-6336-01Z-00-DX1.png,blur_k7,0.49943385820567565,0.3328302860468851
train_015_tissue4_TCGA-G9-6336-01Z-00-DX1.png,down_up_0.5,0.4994256137978708,0.3328229632533509
train_015_tissue4_TCGA-G9-6336-01Z-00-DX1.png,down_up_0.25,0.4994001328036157,0.33280033120132146
train_015_tissue4_TCGA-G9-6336-01Z-00-DX1.png,contrast_0.8,0.49942186642975694,0.3328196348173553
train_015_tissue4_TCGA-G9-6336-01Z-00-DX1.png,contrast_1.2,0.4997349654854449,0.33309778871647533
train_015_tissue4_TCGA-G9-6336-01Z-00-DX1.png,gamma_0.8,0.49942299063428636,0.33282063334116385
train_015_tissue4_TCGA-G9-6336-01Z-00-DX1.png,gamma_1.2,0.4994147465852677,0.3328133109723685
train_016_tissue1_TCGA-AR-A1AS-01Z-00-DX1.png,clean,0.4455394134427749,0.2866199486148072
train_016_tissue1_TCGA-AR-A1AS-01Z-00-DX1.png,noise_sigma10,0.44552592243672656,0.28660878226744946
train_016_tissue1_TCGA-AR-A1AS-01Z-00-DX1.png,noise_sigma25,0.445529893596097,0.2866120691293201
train_016_tissue1_TCGA-AR-A1AS-01Z-00-DX1.png,blur_k3,0.44558079080585233,0.2866541973814472
train_016_tissue1_TCGA-AR-A1AS-01Z-00-DX1.png,blur_k7,0.4456481597383893,0.28670996372570506
train_016_tissue1_TCGA-AR-A1AS-01Z-00-DX1.png,down_up_0.5,0.44560191303644436,0.2866716813238666
train_016_tissue1_TCGA-AR-A1AS-01Z-00-DX1.png,down_up_0.25,0.4455560141752312,0.2866336891122035
train_016_tissue1_TCGA-AR-A1AS-01Z-00-DX1.png,contrast_0.8,0.4455484102658941,0.28662739528743164
train_016_tissue1_TCGA-AR-A1AS-01Z-00-DX1.png,contrast_1.2,0.445568506365794,0.286644029145389
train_016_tissue1_TCGA-AR-A1AS-01Z-00-DX1.png,gamma_0.8,0.4455477253188157,0.2866268283535413
train_016_tissue1_TCGA-AR-A1AS-01Z-00-DX1.png,gamma_1.2,0.4455338723643695,0.2866153623057931
train_017_tissue4_TCGA-CH-5767-01Z-00-DX1.png,clean,0.33061706258775014,0.1980474672277695
train_017_tissue4_TCGA-CH-5767-01Z-00-DX1.png,noise_sigma10,0.3306247902646019,0.19805301308925458
train_017_tissue4_TCGA-CH-5767-01Z-00-DX1.png,noise_sigma25,0.33061237096018614,0.19804410024911073
train_017_tissue4_TCGA-CH-5767-01Z-00-DX1.png,blur_k3,0.3306112670671691,0.19804330803547568
train_017_tissue4_TCGA-CH-5767-01Z-00-DX1.png,blur_k7,0.3306104391522439,0.19804271387940872
train_017_tissue4_TCGA-CH-5767-01Z-00-DX1.png,down_up_0.5,0.33060933527212716,0.1980419216768651
train_017_tissue4_TCGA-CH-5767-01Z-00-DX1.png,down_up_0.25,0.33060602367600556,0.19803954510726102
train_017_tissue4_TCGA-CH-5767-01Z-00-DX1.png,contrast_0.8,0.33060961124146526,0.19804211972690683
train_017_tissue4_TCGA-CH-5767-01Z-00-DX1.png,contrast_1.2,0.330637762534318,0.19806232291217446
train_017_tissue4_TCGA-CH-5767-01Z-00-DX1.png,gamma_0.8,0.33061816651946946,0.1980482594746802
train_017_tissue4_TCGA-CH-5767-01Z-00-DX1.png,gamma_1.2,0.3306173385699889,0.19804766528890294
train_018_tissue3_TCGA-49-4488-01Z-00-DX1.png,clean,0.5245247106212475,0.3554954219816844
train_018_tissue3_TCGA-49-4488-01Z-00-DX1.png,noise_sigma10,0.5245231627731254,0.3554939999999964
train_018_tissue3_TCGA-49-4488-01Z-00-DX1.png,noise_sigma25,0.5245270324105594,0.3554975549755462
train_018_tissue3_TCGA-49-4488-01Z-00-DX1.png,blur_k3,0.5245231627731254,0.3554939999999964
train_018_tissue3_TCGA-49-4488-01Z-00-DX1.png,blur_k7,0.524526258478505,0.35549684397474823
train_018_tissue3_TCGA-49-4488-01Z-00-DX1.png,down_up_0.5,0.5245231627731254,0.3554939999999964
train_018_tissue3_TCGA-49-4488-01Z-00-DX1.png,down_up_0.25,0.5245231627731254,0.3554939999999964
train_018_tissue3_TCGA-49-4488-01Z-00-DX1.png,contrast_0.8,0.5245231627731254,0.3554939999999964
train_018_tissue3_TCGA-49-4488-01Z-00-DX1.png,contrast_1.2,0.52452858028152,0.35549897698567423
train_018_tissue3_TCGA-49-4488-01Z-00-DX1.png,gamma_0.8,0.5245250975847054,0.35549577747888383
train_018_tissue3_TCGA-49-4488-01Z-00-DX1.png,gamma_1.2,0.5245247106212475,0.3554954219816844
train_019_tissue3_TCGA-21-5784-01Z-00-DX1.png,clean,0.24200355680738084,0.13765872948405342
train_019_tissue3_TCGA-21-5784-01Z-00-DX1.png,noise_sigma10,0.24199845107207224,0.13765542540030684
train_019_tissue3_TCGA-21-5784-01Z-00-DX1.png,noise_sigma25,0.2419869639552903,0.13764799179176057
train_019_tissue3_TCGA-21-5784-01Z-00-DX1.png,blur_k3,0.2420052587670271,0.1376598308805499
train_019_tissue3_TCGA-21-5784-01Z-00-DX1.png,blur_k7,0.24202015193514453,0.1376694688517362
train_019_tissue3_TCGA-21-5784-01Z-00-DX1.png,down_up_0.5,0.2420065352524719,0.1376606569394883
train_019_tissue3_TCGA-21-5784-01Z-00-DX1.png,down_up_0.25,0.242001642131393,0.13765749043406117
train_019_tissue3_TCGA-21-5784-01Z-00-DX1.png,contrast_0.8,0.24199015471167157,0.13765005660248913
train_019_tissue3_TCGA-21-5784-01Z-00-DX1.png,contrast_1.2,0.2420046205293544,0.13765941785479835
train_019_tissue3_TCGA-21-5784-01Z-00-DX1.png,gamma_0.8,0.2420031313212097,0.13765845413768307
train_019_tissue3_TCGA-21-5784-01Z-00-DX1.png,gamma_1.2,0.24200504602076217,0.137659693205024
train_020_tissue0_TCGA-UZ-A9PN-01Z-00-DX1.png,clean,0.49517284053093097,0.32905628890007355
train_020_tissue0_TCGA-UZ-A9PN-01Z-00-DX1.png,noise_sigma10,0.4949585156132109,0.32886702509391347
train_020_tissue0_TCGA-UZ-A9PN-01Z-00-DX1.png,noise_sigma25,0.49454549291019206,0.3285024493142588
train_020_tissue0_TCGA-UZ-A9PN-01Z-00-DX1.png,blur_k3,0.495157564951255,0.32904279771670303
train_020_tissue0_TCGA-UZ-A9PN-01Z-00-DX1.png,blur_k7,0.4951538433097345,0.32903951085522787
train_020_tissue0_TCGA-UZ-A9PN-01Z-00-DX1.png,down_up_0.5,0.49520421515905333,0.3290839994022147
train_020_tissue0_TCGA-UZ-A9PN-01Z-00-DX1.png,down_up_0.25,0.4950776189707396,0.32897219498599095
train_020_tissue0_TCGA-UZ-A9PN-01Z-00-DX1.png,contrast_0.8,0.4952807652217456,0.3291516143174268
train_020_tissue0_TCGA-UZ-A9PN-01Z-00-DX1.png,contrast_1.2,0.49519665090077986,0.32907731843978555
train_020_tissue0_TCGA-UZ-A9PN-01Z-00-DX1.png,gamma_0.8,0.49517845998977894,0.32906125199830377
train_020_tissue0_TCGA-UZ-A9PN-01Z-00-DX1.png,gamma_1.2,0.4951705840273066,0.32905429596964497
train_021_tissue2_TCGA-B0-5710-01Z-00-DX1.png,clean,0.21272317478815073,0.11902083202076782
train_021_tissue2_TCGA-B0-5710-01Z-00-DX1.png,noise_sigma10,0.21271940995578767,0.1190184748498419
train_021_tissue2_TCGA-B0-5710-01Z-00-DX1.png,noise_sigma25,0.21272032322264442,0.11901904664758482
train_021_tissue2_TCGA-B0-5710-01Z-00-DX1.png,blur_k3,0.21271804202528333,0.11901761838760333
train_021_tissue2_TCGA-B0-5710-01Z-00-DX1.png,blur_k7,0.21271385995719258,0.1190149999999988
train_021_tissue2_TCGA-B0-5710-01Z-00-DX1.png,down_up_0.5,0.21271595097068274,0.11901630917939979
train_021_tissue2_TCGA-B0-5710-01Z-00-DX1.png,down_up_0.25,0.21271557078335404,0.11901607114463911
train_021_tissue2_TCGA-B0-5710-01Z-00-DX1.png,contrast_0.8,0.2127195628180877,0.11901857055711552
train_021_tissue2_TCGA-B0-5710-01Z-00-DX1.png,contrast_1.2,0.21271758538533803,0.1190173324853084
train_021_tissue2_TCGA-B0-5710-01Z-00-DX1.png,gamma_0.8,0.21272138742374466,0.11901971294622023
train_021_tissue2_TCGA-B0-5710-01Z-00-DX1.png,gamma_1.2,0.21272355500266127,0.1190210700745726
train_022_tissue3_TCGA-50-5931-01Z-00-DX1.png,clean,0.5908807145262825,0.41932625620664926
train_022_tissue3_TCGA-50-5931-01Z-00-DX1.png,noise_sigma10,0.5908973685063452,0.4193430310182527
train_022_tissue3_TCGA-50-5931-01Z-00-DX1.png,noise_sigma25,0.5908969521454022,0.41934261163160547
train_022_tissue3_TCGA-50-5931-01Z-00-DX1.png,blur_k3,0.5909123578910833,0.4193581294962548
train_022_tissue3_TCGA-50-5931-01Z-00-DX1.png,blur_k7,0.5909248496259634,0.4193707123918148
train_022_tissue3_TCGA-50-5931-01Z-00-DX1.png,down_up_0.5,0.5909156889687447,0.41936148486124014
train_022_tissue3_TCGA-50-5931-01Z-00-DX1.png,down_up_0.25,0.5908778001762872,0.4193233207525994
train_022_tissue3_TCGA-50-5931-01Z-00-DX1.png,contrast_0.8,0.5908757185153202,0.4193212240248691
train_022_tissue3_TCGA-50-5931-01Z-00-DX1.png,contrast_1.2,0.5908861269668318,0.4193317078732099
train_022_tissue3_TCGA-50-5931-01Z-00-DX1.png,gamma_0.8,0.5908807145262825,0.41932625620664926
train_022_tissue3_TCGA-50-5931-01Z-00-DX1.png,gamma_1.2,0.5908773838429204,0.4193229014053759
train_023_tissue2_TCGA-B0-5711-01Z-00-DX1.png,clean,0.213726013959898,0.11964906594967331
train_023_tissue2_TCGA-B0-5711-01Z-00-DX1.png,noise_sigma10,0.21370284449391078,0.1196345433542187
train_023_tissue2_TCGA-B0-5711-01Z-00-DX1.png,noise_sigma25,0.21369178783918663,0.11962761318814835
train_023_tissue2_TCGA-B0-5711-01Z-00-DX1.png,blur_k3,0.2137144357921367,0.11964180871993407
train_023_tissue2_TCGA-B0-5711-01Z-00-DX1.png,blur_k7,0.21370165982738748,0.11963380081668619
train_023_tissue2_TCGA-B0-5711-01Z-00-DX1.png,down_up_0.5,0.21369865950401368,0.11963192024738552
train_023_tissue2_TCGA-B0-5711-01Z-00-DX1.png,down_up_0.25,0.21369263473802486,0.11962814401019124
train_023_tissue2_TCGA-B0-5711-01Z-00-DX1.png,contrast_0.8,0.21371570381712204,0.11964260351715147
train_023_tissue2_TCGA-B0-5711-01Z-00-DX1.png,contrast_1.2,0.21370914431298652,0.11963849203650166
train_023_tissue2_TCGA-B0-5711-01Z-00-DX1.png,gamma_0.8,0.21372327253040402,0.11964734760507133
train_023_tissue2_TCGA-B0-5711-01Z-00-DX1.png,gamma_1.2,0.21372289066212882,0.11964710824814331
train_024_tissue1_TCGA-E2-A14V-01Z-00-DX1.png,clean,0.3400163061436938,0.20483111213809718
train_024_tissue1_TCGA-E2-A14V-01Z-00-DX1.png,noise_sigma10,0.3400067082444961,0.2048241459367143
train_024_tissue1_TCGA-E2-A14V-01Z-00-DX1.png,noise_sigma25,0.3399649354659803,0.20479382799146484
train_024_tissue1_TCGA-E2-A14V-01Z-00-DX1.png,blur_k3,0.3400174353439301,0.20483193172235395
train_024_tissue1_TCGA-E2-A14V-01Z-00-DX1.png,blur_k7,0.3399719909580741,0.20479894863598516
train_024_tissue1_TCGA-E2-A14V-01Z-00-DX1.png,down_up_0.5,0.33999569955675263,0.20481615587740853
train_024_tissue1_TCGA-E2-A14V-01Z-00-DX1.png,down_up_0.25,0.3400236460792979,0.20483643955300643
train_024_tissue1_TCGA-E2-A14V-01Z-00-DX1.png,contrast_0.8,0.34000219177354046,0.20482086788825257
train_024_tissue1_TCGA-E2-A14V-01Z-00-DX1.png,contrast_1.2,0.34001574154638825,0.20483070234842832
train_024_tissue1_TCGA-E2-A14V-01Z-00-DX1.png,gamma_0.8,0.34001291858798555,0.20482865342467876
train_024_tissue1_TCGA-E2-A14V-01Z-00-DX1.png,gamma_1.2,0.3400115071263622,0.2048276289781755
train_025_tissue0_TCGA-F9-A8NY-01Z-00-DX1.png,clean,0.5498914944119219,0.379207136771409
train_025_tissue0_TCGA-F9-A8NY-01Z-00-DX1.png,noise_sigma10,0.54971549629767,0.37903976419408725
train_025_tissue0_TCGA-F9-A8NY-01Z-00-DX1.png,noise_sigma25,0.5494915369940112,0.3788268396967929
train_025_tissue0_TCGA-F9-A8NY-01Z-00-DX1.png,blur_k3,0.5495588282291787,0.37889080848293266
train_025_tissue0_TCGA-F9-A8NY-01Z-00-DX1.png,blur_k7,0.5494897029143505,0.37882509625638616
train_025_tissue0_TCGA-F9-A8NY-01Z-00-DX1.png,down_up_0.5,0.5495970392646062,0.3789271355223556
train_025_tissue0_TCGA-F9-A8NY-01Z-00-DX1.png,down_up_0.25,0.5493582050215271,0.3787001084093813
train_025_tissue0_TCGA-F9-A8NY-01Z-00-DX1.png,contrast_0.8,0.5499249568456397,0.3792389638327844
train_025_tissue0_TCGA-F9-A8NY-01Z-00-DX1.png,contrast_1.2,0.5498806689515398,0.3791968406861847
train_025_tissue0_TCGA-F9-A8NY-01Z-00-DX1.png,gamma_0.8,0.5499322607466977,0.37924591097370375
train_025_tissue0_TCGA-F9-A8NY-01Z-00-DX1.png,gamma_1.2,0.5498383473863395,0.3791565901603818
train_026_tissue0_TCGA-BC-A217-01Z-00-DX1.png,clean,0.5653163914033439,0.3940355824907704
train_026_tissue0_TCGA-BC-A217-01Z-00-DX1.png,noise_sigma10,0.5652940868426128,0.3940139102086492
train_026_tissue0_TCGA-BC-A217-01Z-00-DX1.png,noise_sigma25,0.5652916537242813,0.394011546103911
train_026_tissue0_TCGA-BC-A217-01Z-00-DX1.png,blur_k3,0.5653103081667705,0.3940296716319358
train_026_tissue0_TCGA-BC-A217-01Z-00-DX1.png,blur_k7,0.5653163914033439,0.3940355824907704
train_026_tissue0_TCGA-BC-A217-01Z-00-DX1.png,down_up_0.5,0.5653078749087989,0.39402730733805563
train_026_tissue0_TCGA-BC-A217-01Z-00-DX1.png,down_up_0.25,0.5653026029217189,0.3940221847986488
train_026_tissue0_TCGA-BC-A217-01Z-00-DX1.png,contrast_0.8,0.5653159858501658,0.39403518842799756
train_026_tissue0_TCGA-BC-A217-01Z-00-DX1.png,contrast_1.2,0.5653135525433173,0.39403282406791235
train_026_tissue0_TCGA-BC-A217-01Z-00-DX1.png,gamma_0.8,0.5653204469671277,0.394039523161849
train_026_tissue0_TCGA-BC-A217-01Z-00-DX1.png,gamma_1.2,0.565313958093004,0.3940332181259561
train_027_tissue7_TCGA-KB-A93J-01A-01-TS1.png,clean,0.5822660433778356,0.4107019096623172
train_027_tissue7_TCGA-KB-A93J-01A-01-TS1.png,noise_sigma10,0.5822730069787251,0.41070883875735537
train_027_tissue7_TCGA-KB-A93J-01A-01-TS1.png,noise_sigma25,0.5822713558149254,0.41070719576920245
train_027_tissue7_TCGA-KB-A93J-01A-01-TS1.png,blur_k3,0.5822567644304382,0.41069267679949345
train_027_tissue7_TCGA-KB-A93J-01A-01-TS1.png,blur_k7,0.5822802220200838,0.4107160181187318
train_027_tissue7_TCGA-KB-A93J-01A-01-TS1.png,down_up_0.5,0.5822674968859646,0.41070335596243984
train_027_tissue7_TCGA-KB-A93J-01A-01-TS1.png,down_up_0.25,0.5822720914718013,0.410707927783041
train_027_tissue7_TCGA-KB-A93J-01A-01-TS1.png,contrast_0.8,0.5822639256937107,0.4106998024851823
train_027_tissue7_TCGA-KB-A93J-01A-01-TS1.png,contrast_1.2,0.582265164034078,0.41070103468070096
train_027_tissue7_TCGA-KB-A93J-01A-01-TS1.png,gamma_0.8,0.5822688790867842,0.41070473131162
train_027_tissue7_TCGA-KB-A93J-01A-01-TS1.png,gamma_1.2,0.5822639794638644,0.41069985598847497
train_028_tissue0_TCGA-UZ-A9PJ-01Z-00-DX1.png,clean,0.5899756759615004,0.41841524710136246
train_028_tissue0_TCGA-UZ-A9PJ-01Z-00-DX1.png,noise_sigma10,0.5899565424606344,0.4183959999999958
train_028_tissue0_TCGA-UZ-A9PJ-01Z-00-DX1.png,noise_sigma25,0.5899652771657665,0.4184047865005123
train_028_tissue0_TCGA-UZ-A9PJ-01Z-00-DX1.png,blur_k3,0.5899902348913987,0.4184298928213143
train_028_tissue0_TCGA-UZ-A9PJ-01Z-00-DX1.png,blur_k7,0.5900965829276094,0.41853688400367306
train_028_tissue0_TCGA-UZ-A9PJ-01Z-00-DX1.png,down_up_0.5,0.5900126986499622,0.41845249108629246
train_028_tissue0_TCGA-UZ-A9PJ-01Z-00-DX1.png,down_up_0.25,0.5900131146616234,0.4184529095957008
train_028_tissue0_TCGA-UZ-A9PJ-01Z-00-DX1.png,contrast_0.8,0.5899656931105577,0.41840520491450395
train_028_tissue0_TCGA-UZ-A9PJ-01Z-00-DX1.png,contrast_1.2,0.5899769238416227,0.41841650240861383
train_028_tissue0_TCGA-UZ-A9PJ-01Z-00-DX1.png,gamma_0.8,0.5899760919209547,0.418415665536276
train_028_tissue0_TCGA-UZ-A9PJ-01Z-00-DX1.png,gamma_1.2,0.5899740121295488,0.41841357337007734
train_029_tissue7_TCGA-RD-A8N9-01A-01-TS1.png,clean,0.530008225056355,0.3605518303506657
train_029_tissue7_TCGA-RD-A8N9-01A-01-TS1.png,noise_sigma10,0.5299977067322071,0.36054209517866137
train_029_tissue7_TCGA-RD-A8N9-01A-01-TS1.png,noise_sigma25,0.5299987872150376,0.36054309520666217
train_029_tissue7_TCGA-RD-A8N9-01A-01-TS1.png,blur_k3,0.530006666759767,0.36055038806978795
train_029_tissue7_TCGA-RD-A8N9-01A-01-TS1.png,blur_k7,0.530007747254278,0.3605513881207906
train_029_tissue7_TCGA-RD-A8N9-01A-01-TS1.png,down_up_0.5,0.5300050202537431,0.36054886415001897
train_029_tissue7_TCGA-RD-A8N9-01A-01-TS1.png,down_up_0.25,0.5299964498633195,0.3605409319004982
train_029_tissue7_TCGA-RD-A8N9-01A-01-TS1.png,contrast_0.8,0.5300086146319337,0.3605521909226881
train_029_tissue7_TCGA-RD-A8N9-01A-01-TS1.png,contrast_1.2,0.5300081368280738,0.3605517486909283
train_029_tissue7_TCGA-RD-A8N9-01A-01-TS1.png,gamma_0.8,0.5300074459069156,0.36055110920878447
train_029_tissue7_TCGA-RD-A8N9-01A-01-TS1.png,gamma_1.2,0.5300113416770207,0.36055471494703806
train_030_tissue1_TCGA-AR-A1AK-01Z-00-DX1.png,clean,0.3659779948801315,0.22397372479282132
train_030_tissue1_TCGA-AR-A1AK-01Z-00-DX1.png,noise_sigma10,0.3660661711788306,0.22403977732864222
train_030_tissue1_TCGA-AR-A1AK-01Z-00-DX1.png,noise_sigma25,0.36593550960946253,0.22394190178014625
train_030_tissue1_TCGA-AR-A1AK-01Z-00-DX1.png,blur_k3,0.36621393759750853,0.22415048458608403
train_030_tissue1_TCGA-AR-A1AK-01Z-00-DX1.png,blur_k7,0.3660330608923876,0.22401497370093412
train_030_tissue1_TCGA-AR-A1AK-01Z-00-DX1.png,down_up_0.5,0.3661713975326225,0.22411861132779612
train_030_tissue1_TCGA-AR-A1AK-01Z-00-DX1.png,down_up_0.25,0.36625259171860713,0.22417944772985657
train_030_tissue1_TCGA-AR-A1AK-01Z-00-DX1.png,contrast_0.8,0.3661258726387092,0.22408450351680584
train_030_tissue1_TCGA-AR-A1AK-01Z-00-DX1.png,contrast_1.2,0.3660324622596967,0.22401452526156157
train_030_tissue1_TCGA-AR-A1AK-01Z-00-DX1.png,gamma_0.8,0.3660626956581444,0.2240371736941236
train_030_tissue1_TCGA-AR-A1AK-01Z-00-DX1.png,gamma_1.2,0.36591456979573656,0.22392621770698767
train_031_tissue4_TCGA-G9-6362-01Z-00-DX1.png,clean,0.4231426357065839,0.2683455366910707
train_031_tissue4_TCGA-G9-6362-01Z-00-DX1.png,noise_sigma10,0.42314430380544915,0.2683468784281463
train_031_tissue4_TCGA-G9-6362-01Z-00-DX1.png,noise_sigma25,0.42314363656432485,0.26834634173170596
train_031_tissue4_TCGA-G9-6362-01Z-00-DX1.png,blur_k3,0.42314430380544915,0.2683468784281463
train_031_tissue4_TCGA-G9-6362-01Z-00-DX1.png,blur_k7,0.42314730641654946,0.26834929358869475
train_031_tissue4_TCGA-G9-6362-01Z-00-DX1.png,down_up_0.5,0.4231446374268004,0.26834714677717153
train_031_tissue4_TCGA-G9-6362-01Z-00-DX1.png,down_up_0.25,0.42315130996430367,0.26835251387038567
train_031_tissue4_TCGA-G9-6362-01Z-00-DX1.png,contrast_0.8,0.4231426357065839,0.2683455366910707
train_031_tissue4_TCGA-G9-6362-01Z-00-DX1.png,contrast_1.2,0.42314196847072033,0.26834499999999734
train_031_tissue4_TCGA-G9-6362-01Z-00-DX1.png,gamma_0.8,0.4231426357065839,0.2683455366910707
train_031_tissue4_TCGA-G9-6362-01Z-00-DX1.png,gamma_1.2,0.4231426357065839,0.2683455366910707
train_032_tissue4_TCGA-G9-6363-01Z-00-DX1.png,clean,0.3848458098546302,0.2382718703902769
train_032_tissue4_TCGA-G9-6363-01Z-00-DX1.png,noise_sigma10,0.38485264792752144,0.23827711287994696
train_032_tissue4_TCGA-G9-6363-01Z-00-DX1.png,noise_sigma25,0.38485575622280405,0.23827949590605957
train_032_tissue4_TCGA-G9-6363-01Z-00-DX1.png,blur_k3,0.3848420800991092,0.23826901094768732
train_032_tissue4_TCGA-G9-6363-01Z-00-DX1.png,blur_k7,0.3848554453910164,0.23827925760130336
train_032_tissue4_TCGA-G9-6363-01Z-00-DX1.png,down_up_0.5,0.38484953968244684,0.23827472990149903
train_032_tissue4_TCGA-G9-6363-01Z-00-DX1.png,down_up_0.25,0.38486041875987065,0.23828307053460285
train_032_tissue4_TCGA-G9-6363-01Z-00-DX1.png,contrast_0.8,0.3848371072042043,0.23826519846432545
train_032_tissue4_TCGA-G9-6363-01Z-00-DX1.png,contrast_1.2,0.3848653922572652,0.23828688358993302
train_032_tissue4_TCGA-G9-6363-01Z-00-DX1.png,gamma_0.8,0.38484518822368957,0.23827139381174586
train_032_tissue4_TCGA-G9-6363-01Z-00-DX1.png,gamma_1.2,0.38484549903890886,0.23827163210077307
train_033_tissue0_TCGA-XS-A8TJ-01Z-00-DX1.png,clean,0.5505970129762678,0.379878486456612
train_033_tissue0_TCGA-XS-A8TJ-01Z-00-DX1.png,noise_sigma10,0.5505373224188355,0.3798216614570315
train_033_tissue0_TCGA-XS-A8TJ-01Z-00-DX1.png,noise_sigma25,0.5503849099072927,0.3796765870256593
train_033_tissue0_TCGA-XS-A8TJ-01Z-00-DX1.png,blur_k3,0.5505832271150694,0.37986536199604215
train_033_tissue0_TCGA-XS-A8TJ-01Z-00-DX1.png,blur_k7,0.5505207373739824,0.3798058734394072
train_033_tissue0_TCGA-XS-A8TJ-01Z-00-DX1.png,down_up_0.5,0.5505680087051102,0.3798508740056477
train_033_tissue0_TCGA-XS-A8TJ-01Z-00-DX1.png,down_up_0.25,0.5504405113819282,0.37972950796706323
train_033_tissue0_TCGA-XS-A8TJ-01Z-00-DX1.png,contrast_0.8,0.5506156412267367,0.37989622138103474
train_033_tissue0_TCGA-XS-A8TJ-01Z-00-DX1.png,contrast_1.2,0.5505900583492835,0.37987186545872786
train_033_tissue0_TCGA-XS-A8TJ-01Z-00-DX1.png,gamma_0.8,0.5506182800770253,0.37989873372094624
train_033_tissue0_TCGA-XS-A8TJ-01Z-00-DX1.png,gamma_1.2,0.5505806838205756,0.379862940747796
train_034_tissue2_TCGA-B0-5698-01Z-00-DX1.png,clean,0.22383687882792427,0.12602270374818736
train_034_tissue2_TCGA-B0-5698-01Z-00-DX1.png,noise_sigma10,0.22383961035846608,0.12602443544168979
train_034_tissue2_TCGA-B0-5698-01Z-00-DX1.png,noise_sigma25,0.22383921276066446,0.1260241833784513
train_034_tissue2_TCGA-B0-5698-01Z-00-DX1.png,blur_k3,0.2238390527331067,0.12602408192655287
train_034_tissue2_TCGA-B0-5698-01Z-00-DX1.png,blur_k7,0.2238418489560878,0.12602585463717172
train_034_tissue2_TCGA-B0-5698-01Z-00-DX1.png,down_up_0.5,0.22383923861086785,0.1260241997665817
train_034_tissue2_TCGA-B0-5698-01Z-00-DX1.png,down_up_0.25,0.22383862928680723,0.12602381347643427
train_034_tissue2_TCGA-B0-5698-01Z-00-DX1.png,contrast_0.8,0.22383744940943057,0.12602306547618922
train_034_tissue2_TCGA-B0-5698-01Z-00-DX1.png,contrast_1.2,0.22383744940943057,0.12602306547618922
train_034_tissue2_TCGA-B0-5698-01Z-00-DX1.png,gamma_0.8,0.22383943741279316,0.12602432580010794
train_034_tissue2_TCGA-B0-5698-01Z-00-DX1.png,gamma_1.2,0.22383807163855457,0.12602345994717434
train_035_tissue3_TCGA-18-5592-01Z-00-DX1.png,clean,0.5980907359547645,0.4266258532517022
train_035_tissue3_TCGA-18-5592-01Z-00-DX1.png,noise_sigma10,0.5980943648969439,0.4266295461840961
train_035_tissue3_TCGA-18-5592-01Z-00-DX1.png,noise_sigma25,0.5980907359547645,0.4266258532517022
train_035_tissue3_TCGA-18-5592-01Z-00-DX1.png,blur_k3,0.5980961860634609,0.42663139947098777
train_035_tissue3_TCGA-18-5592-01Z-00-DX1.png,blur_k7,0.5980995400258755,0.42663481260068553
train_035_tissue3_TCGA-18-5592-01Z-00-DX1.png,down_up_0.5,0.5980978630399661,0.4266331060290103
train_035_tissue3_TCGA-18-5592-01Z-00-DX1.png,down_up_0.25,0.5980928321386623,0.4266279863959005
train_035_tissue3_TCGA-18-5592-01Z-00-DX1.png,contrast_0.8,0.5980907359547645,0.4266258532517022
train_035_tissue3_TCGA-18-5592-01Z-00-DX1.png,contrast_1.2,0.5980898974853196,0.4266249999999957
train_035_tissue3_TCGA-18-5592-01Z-00-DX1.png,gamma_0.8,0.5980907359547645,0.4266258532517022
train_035_tissue3_TCGA-18-5592-01Z-00-DX1.png,gamma_1.2,0.5980907359547645,0.4266258532517022
train_036_tissue3_TCGA-21-5786-01Z-00-DX1.png,clean,0.4950788949810487,0.3289733218106568
train_036_tissue3_TCGA-21-5786-01Z-00-DX1.png,noise_sigma10,0.4950919663595314,0.3289848650497747
train_036_tissue3_TCGA-21-5786-01Z-00-DX1.png,noise_sigma25,0.49510095391780307,0.3289928020133524
train_036_tissue3_TCGA-21-5786-01Z-00-DX1.png,blur_k3,0.4950886570594826,0.32898194261205144
train_036_tissue3_TCGA-21-5786-01Z-00-DX1.png,blur_k7,0.4951024444875932,0.3289941183531356
train_036_tissue3_TCGA-21-5786-01Z-00-DX1.png,down_up_0.5,0.49507263479696356,0.3289677935587084
train_036_tissue3_TCGA-21-5786-01Z-00-DX1.png,down_up_0.25,0.4951013265594092,0.32899313109731065
train_036_tissue3_TCGA-21-5786-01Z-00-DX1.png,contrast_0.8,0.495075228175697,0.3289700837175774
train_036_tissue3_TCGA-21-5786-01Z-00-DX1.png,contrast_1.2,0.49505770154146356,0.32895460646466984
train_036_tissue3_TCGA-21-5786-01Z-00-DX1.png,gamma_0.8,0.4950762866982935,0.3289710184791545
train_036_tissue3_TCGA-21-5786-01Z-00-DX1.png,gamma_1.2,0.49507964020974093,0.32897397991129596
